pubdate,source,title,link
2025-09-26-16-51-00 +0000,wsj,Canada Economy Stalls in August After First Growth in Four Months,https://www.wsj.com/articles/canada-economy-stalls-in-august-after-first-growth-in-four-months-99766680
2025-09-26-16-50-00 +0000,wsj,Six Flags Is Under Activist Pressure to Sell Its Real Estate,https://www.wsj.com/business/six-flags-land-sale-activist-investor-pressure-fee62b64?mod=pls_whats_news_us_business_f
2025-09-26-16-46-27 +0000,nyt,World Leaders of a Worried Center-Left Gather to Discuss Ways to Fight Back,https://www.nytimes.com/2025/09/26/world/europe/progressives-ippr-summit-london-starmer.html
2025-09-26-16-45-16 +0000,startribune,DHS halts payments in another disability services program over fraud allegations,https://www.startribune.com/dhs-halts-payments-in-another-disability-services-program-over-fraud-allegations/601481355
2025-09-26-16-45-14 +0000,nypost,"NBCUniversal’s carriage dispute with YouTube TV could force ‘SNL,’ ‘Sunday Night Football’ to go dark next week",https://nypost.com/2025/09/26/business/youtube-tv-nbcuniversal-stare-down-blackout-over-carriage-fee-dispute/
2025-09-26-16-44-36 +0000,nyt,Trump’s Pharma Tariffs Spare Richest Drugmakers,https://www.nytimes.com/2025/09/26/health/trump-tariffs-drug-prices-manufacturing.html
2025-09-26-16-43-04 +0000,nyt,U.N. General Assembly Live Updates: Netanyahu Delivers Defiant Address After Walkout by Dozens of Nations,https://www.nytimes.com/live/2025/09/26/world/un-general-assembly-netanyahu
2025-09-26-16-42-15 +0000,nyt,Netanyahu Addresses the U.N. as Gaza War Nears Two-Year Mark,https://www.nytimes.com/live/2025/09/26/world/un-general-assembly-netanyahu/heres-what-to-know
2025-09-26-16-41-44 +0000,bbc,Netanyahu attacks Palestinian recognition as dozens walk out of UN speech,https://www.bbc.com/news/articles/cderxxylpzdo?at_medium=RSS&at_campaign=rss
2025-09-26-16-39-33 +0000,nyt,Kneecap Rapper’s Terrorism Charge Is Dismissed by U.K. Court,https://www.nytimes.com/2025/09/26/arts/music/kneecap-terrorism-charge.html
2025-09-26-16-38-33 +0000,nyt,Hackers Steal Children’s Data and Photos from U.K. Nursery Chain,https://www.nytimes.com/2025/09/26/world/europe/uk-nursery-school-hack.html
2025-09-26-16-37-37 +0000,bbc,Starmer pushes immigration front and centre to fight Farage,https://www.bbc.com/news/articles/c62q00gzqgpo?at_medium=RSS&at_campaign=rss
2025-09-26-16-36-52 +0000,startribune,What’s happening in the Twin Cities housing market following Fed rate cut?,https://www.startribune.com/twin-cities-housing-market-federal-reserve-mortgage-rate-home-buyer-seller-slow/601479531
2025-09-26-16-34-32 +0000,nypost,TikTok parent ByteDance to keep 50% of profits after Trump-brokered sale of US division: report,https://nypost.com/2025/09/26/business/tiktok-parent-bytedance-to-keep-50-of-profits-after-trump-brokered-sale/
2025-09-26-16-30-47 +0000,latimes,"Her husband killed her for 'failure to lose weight' and threatening to leave him, SoCal prosecutors say",https://www.latimes.com/california/story/2025-09-26/uk-woman-killed-hollywood
2025-09-26-16-30-15 +0000,nyt,Brief Comey Indictment Prompts Questions and Criticism,https://www.nytimes.com/2025/09/26/us/politics/comey-indictment-legal-reaction.html
2025-09-26-16-30-07 +0000,nyt,Trump’s New Tariffs Hit Furniture and Home Goods Stocks,https://www.nytimes.com/2025/09/26/business/trumps-tariffs-furniture-home-goods-stocks.html
2025-09-26-16-30-00 +0000,startribune,Vikings-Steelers preview: Will Minnesota extend its international win streak in Dublin?,https://www.startribune.com/minnesota-vikings-pittsburgh-steelers-dublin-nfl-week-4-aaron-rodgers/601479085
2025-09-26-16-29-20 +0000,nypost,NYC DSA takes credit for Zohran Mamdani’s primary win as mayoral hopeful stays mum on group’s radical views,https://nypost.com/2025/09/26/us-news/nyc-dsa-touts-special-sauce-in-zohran-mamdanis-primary-win-as-mayoral-hopeful-stays-mum-on-groups-radical-views/
2025-09-26-16-24-55 +0000,nyt,"With Comey Indictment, Trump Gets Retribution but Shatters Norms",https://www.nytimes.com/2025/09/25/us/politics/trump-retribution-comey-indictment.html
2025-09-26-16-23-33 +0000,nypost,"Anti-Mamdani super PAC targets co-op, condo residents to oppose ‘green’ candidate",https://nypost.com/2025/09/26/us-news/anti-mamdani-super-pac-targets-co-op-condo-residents-to-oppose-green-candidate/
2025-09-26-16-22-23 +0000,nypost,"Netanyahu shrugs off UN walkout, says Israel must ‘finish the job’ against Hamas in Gaza during blistering UN address",https://nypost.com/2025/09/26/us-news/netanyahu-shrugs-off-un-walkout-says-israel-must-finish-the-job-against-hamas-in-gaza/
2025-09-26-16-22-19 +0000,bbc,Watch: Trump says 'there will be others' after Comey indictment,https://www.bbc.com/news/videos/ceq2zzp1dx2o?at_medium=RSS&at_campaign=rss
2025-09-26-16-21-42 +0000,nyt,"At U.N., China Casts Itself as Defender of International Order",https://www.nytimes.com/2025/09/26/world/asia/china-un-trump.html
2025-09-26-16-20-33 +0000,nypost,Sex offender accused of exposing himself in girls’ locker rooms while claiming to be a trans woman,https://nypost.com/2025/09/26/us-news/sex-offender-accused-of-exposing-himself-in-girls-bathrooms-while-claiming-to-be-trans/
2025-09-26-16-14-27 +0000,bbc,"No new inquiry into Labour Together, says elections watchdog",https://www.bbc.com/news/articles/ckg3ykxpxzdo?at_medium=RSS&at_campaign=rss
2025-09-26-16-14-23 +0000,nyt,Netanyahu Wears QR Code Referencing Oct. 7 During U.N. Speech,https://www.nytimes.com/2025/09/26/world/middleeast/netanyahu-qr-code.html
2025-09-26-16-13-11 +0000,nyt,Polish Skier Climbs Everest and Skis Down Without Extra Oxygen,https://www.nytimes.com/2025/09/26/sports/andrzej-bargiel-mount-everest-oxygen-skiing.html
2025-09-26-16-13-00 +0000,wsj,"Week Ahead for FX, Bonds: U.S. Jobs Data in Focus",https://www.wsj.com/economy/week-ahead-for-fx-bonds-u-s-jobs-data-in-focus-7015c3b5
2025-09-26-16-05-59 +0000,nyt,Marketing Movies Is Harder Than Ever. And Here Comes ‘One Battle After Another.’,https://www.nytimes.com/2025/09/26/business/media/marketing-warner-bros-one-battle-after-another.html
2025-09-26-16-05-01 +0000,bbc,New digital ID will be mandatory to work in the UK,https://www.bbc.com/news/articles/cn832y43ql5o?at_medium=RSS&at_campaign=rss
2025-09-26-16-03-46 +0000,nypost,British adventurer Chris Brown becomes first person to reach 7 of world’s most remote places,https://nypost.com/2025/09/26/world-news/british-adventurer-chris-brown-becomes-first-person-to-reach-7-of-worlds-most-remote-places/
2025-09-26-16-02-37 +0000,bbc,Ex-Reform politician admits Russia-linked bribery charges,https://www.bbc.com/news/articles/cj6xwy015ngo?at_medium=RSS&at_campaign=rss
2025-09-26-16-01-15 +0000,nypost,NBC News lays off nearly a dozen staffers who supported MSNBC as spinoff nears,https://nypost.com/2025/09/26/media/nbc-news-lays-off-staffers-who-supported-msnbc-as-spinoff-nears/
2025-09-26-15-58-48 +0000,bbc,Nationwide strike by Canada's postal workers bring mail deliveries to a halt,https://www.bbc.com/news/articles/c2dn7zl9dp1o?at_medium=RSS&at_campaign=rss
2025-09-26-15-58-00 +0000,wsj,"Netanyahu Says Israel’s Critics ‘Caved’ to Pressure, as His Isolation Deepens",https://www.wsj.com/world/middle-east/netanyahu-says-israels-critics-caved-to-pressure-as-his-isolation-deepens-22cd0163
2025-09-26-15-54-56 +0000,missionlocal,Eight stories and 70 units of  housing coming to 17th and Capp,https://missionlocal.org/2025/09/eight-stories-and-70-units-of-housing-coming-to-capp-and-17th/
2025-09-26-15-52-35 +0000,bbc,Dubai sex-trade ring boss held by police after BBC investigation,https://www.bbc.com/news/articles/ce84ezl461po?at_medium=RSS&at_campaign=rss
2025-09-26-15-51-14 +0000,nyt,Thousands Protest Netanyahu’s U.N. Speech in NYC,https://www.nytimes.com/2025/09/26/nyregion/nyc-united-nations-netanyahu-protest.html
2025-09-26-15-36-14 +0000,bbc,"Labour in 'battle for soul' of UK with Reform, PM says",https://www.bbc.com/news/articles/cy50902pg4do?at_medium=RSS&at_campaign=rss
2025-09-26-15-34-34 +0000,nyt,A Federal Shutdown May Be Imminent. How Would It Affect the Economy?,https://www.nytimes.com/2025/09/24/us/politics/government-shutdown-us-economy.html
2025-09-26-15-29-30 +0000,nypost,"Howard Rubin, ex-NYC financier with ties to George Soros, arrested for allegedly sex-trafficking women to ‘sex dungeon’ penthouse: feds",https://nypost.com/2025/09/26/us-news/howard-rubin-arrested-for-allegedly-sex-trafficking-women-to-sex-dungeon-penthouse-feds/
2025-09-26-15-29-23 +0000,bbc,Slovakia passes law to recognise only two sexes and restrict adoption,https://www.bbc.com/news/articles/c0m4kpg2nmmo?at_medium=RSS&at_campaign=rss
2025-09-26-15-28-49 +0000,bbc,Former Lib Dem leader Menzies Campbell dies aged 84,https://www.bbc.com/news/articles/cp8j7jnjd6ro?at_medium=RSS&at_campaign=rss
2025-09-26-15-20-00 +0000,wsj,Trump Pledges That Others Will Be Indicted After Comey,https://www.wsj.com/us-news/law/trump-doj-indictments-fbi-james-comey-49910fd3
2025-09-26-15-14-28 +0000,wapo,What Trump’s new tariffs mean for pharmaceuticals and ‘patented’ drugs,https://www.washingtonpost.com/business/2025/09/26/trump-pharmaceutical-tariffs-drugs-impacts/
2025-09-26-15-13-53 +0000,nyt,Hegseth Is Said to Have Summoned U.S. Military Brass From Around the Globe,https://www.nytimes.com/2025/09/25/us/politics/hegseth-generals-admirals-summoned.html
2025-09-26-15-07-50 +0000,nypost,"Series of strong earthquakes rattle Venezuela, Colombia as residents flee",https://nypost.com/2025/09/26/world-news/series-of-strong-earthquakes-rattle-venezuela-colombia/
2025-09-26-15-04-44 +0000,nyt,Why Companies Like Disney and Paramount Are Caving to Trump,https://www.nytimes.com/2025/09/26/business/trump-disney-paramount-shareholder-capitalism.html
2025-09-26-15-04-19 +0000,bbc,JLR suppliers with 'days of cash' left,https://www.bbc.com/news/articles/c62zwz0k5dgo?at_medium=RSS&at_campaign=rss
2025-09-26-15-01-45 +0000,nypost,"NYC woman, 26, repeatedly punched, knifed by masked stranger during morning Prospect Park jog: sources",https://nypost.com/2025/09/26/us-news/nyc-woman-punched-knifed-during-prospect-park-jog-sources/
2025-09-26-15-01-08 +0000,bbc,Boxing in Ghana suspended after Akushey dies at 32,https://www.bbc.com/sport/boxing/articles/cn4w21k72djo?at_medium=RSS&at_campaign=rss
2025-09-26-15-00-00 +0000,wsj,Name That Brand: Do You Remember These Famous Icons?,https://www.wsj.com/business/advertising-brand-icon-mascots-e993b248
2025-09-26-15-00-00 +0000,startribune,Why is Robbinsdale Cooper AD Willie Howard open to a merger with Armstrong?,https://www.startribune.com/robbinsdale-schools-cooper-armstrong-merger-athletics/601481017
2025-09-26-14-56-00 +0000,wsj,Douglas Wilson Wants the U.S. to Be a Christian Republic. MAGA Is Listening.,https://www.wsj.com/us-news/douglas-wilson-wants-the-u-s-to-be-a-christian-republic-maga-is-listening-d4339e45
2025-09-26-14-51-37 +0000,wapo,Netanyahu tells U.N. that war will continue amid global backlash,https://www.washingtonpost.com/national-security/2025/09/26/israel-netanyahu-un-speech-gaza/
2025-09-26-14-50-00 +0000,wsj,Boeing Clears Key Hurdle From 737 MAX Crashes,https://www.wsj.com/business/airlines/faa-to-ease-restrictions-on-boeing-aircraft-deliveries-1a2e4389?mod=pls_whats_news_us_business_f
2025-09-26-14-47-27 +0000,nyt,Netanyahu Took a Circuitous Route to the U.N. Meeting,https://www.nytimes.com/2025/09/26/world/middleeast/netanyahu-flight-un-meeting.html
2025-09-26-14-39-06 +0000,bbc,"Trump announces new tariffs on drugs, trucks and kitchen cabinets",https://www.bbc.com/news/articles/crkjreprp3po?at_medium=RSS&at_campaign=rss
2025-09-26-14-34-42 +0000,nyt,Who Might the Trump Administration Go After Next?,https://www.nytimes.com/2025/09/26/business/dealbook/trump-soros-hoffman.html
2025-09-26-14-33-07 +0000,nyt,"Russian Assets, Frozen in Europe, Could Help Ukraine in New Plan",https://www.nytimes.com/2025/09/26/world/europe/europe-frozen-russian-funds-ukraine.html
2025-09-26-14-29-01 +0000,nyt,Digital IDs Are Being Introduced in the UK. Here’s How They’re Expected to Work.,https://www.nytimes.com/2025/09/26/world/europe/uk-digital-id-britcard-starmer.html
2025-09-26-14-25-13 +0000,nyt,A Timeline of the Trump-Comey Relationship,https://www.nytimes.com/2025/09/26/us/trump-comey-relationship-timeline.html
2025-09-26-14-24-00 +0000,wsj,"Consumer Sentiment Fell in September, According to University of Michigan Survey",https://www.wsj.com/economy/central-banking/consumer-sentiment-fell-in-september-according-to-university-of-michigan-survey-3d70cff8
2025-09-26-14-21-06 +0000,bbc,'Order in the hall': Dozens walk out as Netanyahu begins speech at UN,https://www.bbc.com/news/videos/cp98jkpkp84o?at_medium=RSS&at_campaign=rss
2025-09-26-14-19-13 +0000,nypost,Archaeologists find ancient harbor swallowed by the sea near Cleopatra’s temple,https://nypost.com/2025/09/26/world-news/archaeologists-find-ancient-harbor-swallowed-by-the-sea-near-cleopatras-temple/
2025-09-26-14-07-05 +0000,nypost,Trump and Melania’s finger-waving ‘spat’ was actually prez raving about UN escalator snafu: lip readers,https://nypost.com/2025/09/26/us-news/apparent-finger-waving-spat-between-trump-melania-was-actually-about-un-escalator-lip-readers/
2025-09-26-14-06-26 +0000,cbc,Eurovision to hold vote to decide whether Israel can take part in 2026 contest,https://www.cbc.ca/news/entertainment/eurovision-israel-vote-1.7644376?cmp=rss
2025-09-26-14-05-04 +0000,bbc,Will digital ID cards stop illegal working?,https://www.bbc.com/news/articles/c740vjrp81po?at_medium=RSS&at_campaign=rss
2025-09-26-14-03-44 +0000,bbc,Former Reform UK leader in Wales Nathan Gill confronted by BBC reporter,https://www.bbc.com/news/videos/cn4w210459po?at_medium=RSS&at_campaign=rss
2025-09-26-14-00-00 +0000,missionlocal,"2 years and $83K in aid later, 77-year-old Inner Sunset hardware store won’t reopen",https://missionlocal.org/2025/09/progress-hardware-not-reopen-after-fire/
2025-09-26-14-00-00 +0000,wsj,"At the Epicenter of School Choice, Arizona Public Schools Battle Existential Crisis",https://www.wsj.com/us-news/education/arizona-school-choice-vouchers-d1fbf87d
2025-09-26-14-00-00 +0000,wsj,Tired of Paying Investment Taxes? There’s an ETF for That,https://www.wsj.com/finance/investing/tired-of-paying-investment-taxes-theres-an-etf-for-that-1b5ae4ac?mod=rss_markets_main
2025-09-26-14-00-00 +0000,wsj,Researchers have applied modern-day tools of epidemiology to trace how rumors provoked the “Great Fear” of the French Revolution—possibly offering insight into how unrest erupts today,https://www.wsj.com/science/french-revolution-economic-fears-epidemiology-53285662
2025-09-26-13-58-52 +0000,nyt,The Megaraptor Had Giant Claws and an Appetite for Crocodilians,https://www.nytimes.com/2025/09/23/science/megaraptor-fossil-crocodile.html
2025-09-26-13-57-22 +0000,nyt,Wary European Drugmakers Think They Can Avoid Trump’s Latest Tariffs,https://www.nytimes.com/2025/09/26/business/europe-pharma-tariffs-trump.html
2025-09-26-13-55-35 +0000,bbc,Martin Lewis on one big misunderstanding about student loans,https://www.bbc.com/news/videos/c4g25mm41npo?at_medium=RSS&at_campaign=rss
2025-09-26-13-46-40 +0000,nyt,A Broad Wave of Firings Followed Charlie Kirk’s Assassination,https://www.nytimes.com/2025/09/26/us/kirk-critics-fired-free-speech.html
2025-09-26-13-28-49 +0000,bbc,Ex-Reform politician guilty of bribery,https://www.bbc.com/news/videos/clyxezn2d3lo?at_medium=RSS&at_campaign=rss
2025-09-26-13-25-05 +0000,cbc,Canada's GDP rebounds in July after contracting for 3 months,https://www.cbc.ca/news/business/canada-monthly-gdp-july-1.7644408?cmp=rss
2025-09-26-13-22-15 +0000,nyt,"In ‘Punch’ on Broadway, Trying to Summon Empathy for the Unforgivable",https://www.nytimes.com/2025/09/26/theater/punch-broadway-restorative-justice.html
2025-09-26-13-20-00 +0000,wapo,Democrats say Bill Pulte ‘abused’ his role with mortgage fraud probes,https://www.washingtonpost.com/business/2025/09/26/pulte-mortgage-fraud-investigations/
2025-09-26-13-10-30 +0000,nypost,James Comey’s son-in-law resigns as federal prosecutor just minutes after ex-FBI director’s indictment,https://nypost.com/2025/09/26/us-news/james-comeys-son-in-law-resigns-from-federal-prosecutor-gig-after-indictment/
2025-09-26-13-04-39 +0000,nypost,Fed’s preferred inflation gauge rises 2.7% in August,https://nypost.com/2025/09/26/business/feds-preferred-inflation-gauge-rises-2-7-in-august/
2025-09-26-13-00-06 +0000,nyt,Get Ready for Higher Health Insurance Premiums Next Year,https://www.nytimes.com/2025/09/26/your-money/health-insurance-premiums-increase.html
2025-09-26-13-00-06 +0000,nyt,"For Investors, Government Shutdowns Haven’t Mattered. Is This Time Different?",https://www.nytimes.com/2025/09/26/business/stocks-government-shutdown.html
2025-09-26-13-00-00 +0000,missionlocal,San Francisco Monarchs!,https://missionlocal.org/2025/09/sf-photos-san-francisco-monarchs/
2025-09-26-13-00-00 +0000,wsj,Banks Ordered to Dig Through Account Closures to Find ‘Debanking’ Cases,https://www.wsj.com/finance/regulation/banks-ordered-to-dig-through-account-closures-to-find-debanking-cases-5531b993?mod=rss_markets_main
2025-09-26-12-57-11 +0000,bbc,"Sir Menzies Campbell - runner, MP, Lib Dem leader and Lord",https://www.bbc.com/news/videos/c70819ygqnyo?at_medium=RSS&at_campaign=rss
2025-09-26-12-56-54 +0000,nypost,"Hamas-supporting ‘domestic terrorist’ Casey Goonan sentenced for attacks on college campus, federal courthouse",https://nypost.com/2025/09/26/us-news/domestic-terrorist-casey-goonan-sentenced-for-attacks-on-college-campus-federal-courthouse/
2025-09-26-12-56-48 +0000,bbc,'I'm 21 and sharing a room with my 10-year-old sister',https://www.bbc.com/news/videos/c04qv40rq5ko?at_medium=RSS&at_campaign=rss
2025-09-26-12-53-40 +0000,bbc,Tottenham reject takeover interest from third group,https://www.bbc.com/sport/football/articles/c5ye2pxjxjdo?at_medium=RSS&at_campaign=rss
2025-09-26-12-45-16 +0000,bbc,What do people make of Starmer's new digital ID plans?,https://www.bbc.com/news/videos/c5yq50d952do?at_medium=RSS&at_campaign=rss
2025-09-26-12-41-24 +0000,wapo,"Trump announces new tariffs on trucks, furniture and pharmaceuticals",https://www.washingtonpost.com/business/2025/09/25/trump-tariffs-pharmaceuticals-trucks-furniture/
2025-09-26-12-37-05 +0000,bbc,"Burnham entitled to raise PM concerns, Khan says",https://www.bbc.com/news/articles/cn0xy91jvplo?at_medium=RSS&at_campaign=rss
2025-09-26-12-35-44 +0000,nyt,"As Trump’s H-1B Visa Fee Targets Foreign Workers, China Woos Them",https://www.nytimes.com/2025/09/26/world/asia/china-tech-workers-visas-us-h1b.html
2025-09-26-12-35-36 +0000,bbc,Turkey abandons bid to force doner kebab rules on Europe,https://www.bbc.com/news/articles/cly9g9g7j36o?at_medium=RSS&at_campaign=rss
2025-09-26-12-30-54 +0000,nypost,"Left-wing terror attacks reach record highs in 2025 — fueled by unhinged opposition to Trump admin, disturbing study finds",https://nypost.com/2025/09/26/us-news/left-wing-terror-attacks-reach-record-highs-in-2025-fueled-by-unhinged-opposition-to-trump-admin-study/
2025-09-26-12-28-17 +0000,wapo,U.K. plans mandatory digital ID to clamp down on migrants working illegally,https://www.washingtonpost.com/world/2025/09/26/uk-id-card-starmer-migration/
2025-09-26-12-18-17 +0000,nypost,Oklahoma family uncovers nearly 3-carat diamond at state park — thanks to discount-store tools,https://nypost.com/2025/09/26/us-news/oklahoma-family-uncovers-nearly-3-carat-diamond-at-state-park-thanks-to-discount-store-tools/
2025-09-26-12-17-18 +0000,bbc,What is the plan for digital IDs and will they be mandatory?,https://www.bbc.com/news/articles/clyl3lzzed2o?at_medium=RSS&at_campaign=rss
2025-09-26-12-10-29 +0000,wapo,A school in Kentucky banned phones. Remarkable things started happening.,https://www.washingtonpost.com/lifestyle/2025/09/26/kentucky-phone-ban/
2025-09-26-12-02-45 +0000,nyt,"Close National Parks if Government Shuts Down, Former Superintendents Plead",https://www.nytimes.com/2025/09/26/us/politics/national-parks-open-government-shutdown.html
2025-09-26-12-01-44 +0000,nyt,NASA Artemis II Astronauts Aim to Make Space Great for All,https://www.nytimes.com/2025/09/26/science/nasa-astronauts-moon-artemis-ii.html
2025-09-26-11-55-31 +0000,nypost,Trump rages about ‘dirty cop’ Comey’s case being handled by ‘crooked’ Biden-appointed judge: ‘Very big price must be paid!’,https://nypost.com/2025/09/26/us-news/trump-rages-about-james-comeys-case-being-handled-by-crooked-biden-appointed-judge-very-big-price-must-be-paid/
2025-09-26-11-39-36 +0000,bbc,Eurovision body to hold vote on Israel's participation,https://www.bbc.com/news/articles/cgq4e4l7dv8o?at_medium=RSS&at_campaign=rss
2025-09-26-11-30-00 +0000,nypost,Long Island high school hockey player now walking after near-death experience,https://nypost.com/2025/09/26/us-news/long-island-high-school-hockey-player-now-walking-after-near-death-experience/
2025-09-26-11-20-26 +0000,bbc,Namibians warned against holding parties at cemeteries after 'disgraceful' event,https://www.bbc.com/news/articles/cx27p7ked9yo?at_medium=RSS&at_campaign=rss
2025-09-26-11-15-20 +0000,startribune,"Blunt dynamic drives vital Lynx partnership between Reeve, Williams",https://www.startribune.com/honesty-is-the-best-policy-for-lynxs-reeve-and-williams/601479945
2025-09-26-11-01-12 +0000,wapo,"After U.S. strikes, Iran increases work at mysterious underground site",https://www.washingtonpost.com/national-security/2025/09/26/iran-underground-nuclear-us/
2025-09-26-11-00-00 +0000,nypost,"‘Woke’ crusader gets slap on the wrist after courtroom outburst, shoving person suing her: ‘This is coddling’",https://nypost.com/2025/09/26/us-news/woke-crusader-gets-slap-on-the-wrist-after-courtroom-outburst-shoving-person-suing-her-this-is-coddling/
2025-09-26-11-00-00 +0000,missionlocal,"As Trump toughens citizenship exam, residents scramble to naturalize",https://missionlocal.org/2025/09/trump-toughens-citizenship-exam-residents-scramble-to-naturalize/
2025-09-26-11-00-00 +0000,startribune,More Minnesota counties are partnering with ICE,https://www.startribune.com/more-minnesota-counties-are-partnering-with-ice-heres-how-much-money-they-get/601441772
2025-09-26-11-00-00 +0000,startribune,Roper: Minneapolis mayoral candidate DeWayne Davis is a lefty but not quite a leftist,https://www.startribune.com/dewayne-davis-minneapolis-mayoral-candidate/601478941
2025-09-26-11-00-00 +0000,startribune,"Raspberry Island was once home to curling rinks, a Navy training center, even an R.E.M. concert",https://www.startribune.com/raspberry-island-navy-island-history-st-paul/601476667
2025-09-26-11-00-00 +0000,startribune,Tickets to Paul McCartney’s Minneapolis concert are surprisingly cheap,https://www.startribune.com/tickets-to-paul-mccartneys-minneapolis-concert-are-surprisingly-cheap/601480890
2025-09-26-11-00-00 +0000,startribune,The 5 best things our food writers ate this week,https://www.startribune.com/the-5-best-things-our-food-writers-ate-this-week/601468251
2025-09-26-10-58-52 +0000,cbc,"Kneecap member's terrorism case in U.K. 'null and void,' judge rules",https://www.cbc.ca/news/world/uk-kneecap-case-dismissed-1.7644338?cmp=rss
2025-09-26-10-57-30 +0000,bbc,Former Lib Dem leader Sir Menzies Campbell dies aged 84,https://www.bbc.com/news/videos/cx2rlr57r53o?at_medium=RSS&at_campaign=rss
2025-09-26-10-56-58 +0000,nypost,Netanyahu took unusual long flight to NY to give UN speech that will be blared over Gaza: report,https://nypost.com/2025/09/26/world-news/netanyahu-took-unusual-long-flight-to-ny-to-give-un-speech-that-was-blared-over-gaza-report/
2025-09-26-10-37-40 +0000,nyt,Israel’s isolation deepens with a wave of recognitions of Palestinian statehood.,https://www.nytimes.com/live/2025/09/26/world/un-general-assembly-netanyahu/israels-isolation-deepens-with-a-wave-of-recognitions-of-palestinian-statehood
2025-09-26-10-37-40 +0000,bbc,"Sign off for Highlands green freeport plan for 11,000 jobs",https://www.bbc.com/news/articles/cvgrjlz2xg2o?at_medium=RSS&at_campaign=rss
2025-09-26-10-35-34 +0000,latimes,Contributor: Allies are betraying the U.S. by recognizing a Palestinian state,https://www.latimes.com/opinion/story/2025-09-26/recognition-palestinian-statehood-terrorism
2025-09-26-10-32-37 +0000,nypost,"Iran and Russia sign $25 billion agreement to build four nuclear power plants in Iran, IRNA says",https://nypost.com/2025/09/26/world-news/iran-and-russia-sign-25-billion-agreement-to-build-four-nuclear-power-plants-in-iran-irna-says/
2025-09-26-10-30-50 +0000,wapo,This blue state governor sent the National Guard to her biggest city,https://www.washingtonpost.com/nation/2025/09/26/new-mexico-national-guard-trump-crime/
2025-09-26-10-30-00 +0000,nypost,Garden City teen aiming to build Long Island into field hockey powerhouse,https://nypost.com/2025/09/26/us-news/garden-city-teen-aiming-to-build-long-island-into-field-hockey-power/
2025-09-26-10-23-40 +0000,wapo,"Russia is helping prepare China to attack Taiwan, documents suggest",https://www.washingtonpost.com/world/2025/09/26/russia-china-weapons-sales-air-assault/
2025-09-26-10-20-31 +0000,bbc,Two Dutch teenagers arrested in spying case linked to Russia,https://www.bbc.com/news/articles/cgj1wy3eexyo?at_medium=RSS&at_campaign=rss
2025-09-26-10-20-21 +0000,nyt,"James Comey, Former FBI Director, Indicted After Pressure From Trump",https://www.nytimes.com/2025/09/25/us/politics/james-comey-indicted.html
2025-09-26-10-02-52 +0000,bbc,Mass arrests for sextortion and romance scams in sting operation across Africa,https://www.bbc.com/news/articles/c0r04vjvkljo?at_medium=RSS&at_campaign=rss
2025-09-26-10-02-14 +0000,bbc,Is the US-China TikTok deal done? Here's what you need to know,https://www.bbc.com/news/videos/cg5ege645reo?at_medium=RSS&at_campaign=rss
2025-09-26-10-01-00 +0000,latimes,"Contributor: Looming shutdown shows the same mistakes again, and nobody wins",https://www.latimes.com/opinion/story/2025-09-26/government-shutdown-democrats-republicans-senate
2025-09-26-10-00-25 +0000,wapo,Love pours in for a dying octopus as she tends to eggs that will never hatch,https://www.washingtonpost.com/nation/interactive/2025/octopus-ghost-aquarium-grief/
2025-09-26-10-00-02 +0000,wapo,What to do if a federal government shutdown freezes your paycheck,https://www.washingtonpost.com/business/2025/09/26/government-shutdown-trump-missing-paycheck/
2025-09-26-10-00-00 +0000,nypost,Money donated to build Obama library being sent on to politically charged Tides group,https://nypost.com/2025/09/26/us-news/money-donated-to-build-obama-library-sent-on-to-tides-group/
2025-09-26-10-00-00 +0000,latimes,Mt. Whitney hikers love this Chinese restaurant pitstop that looks like a merry-go-round,https://www.latimes.com/environment/story/2025-09-26/mt-whitney-hikers-love-this-chinese-restaurant-that-looks-like-a-merry-go-round
2025-09-26-10-00-00 +0000,latimes,"Lopez: From a Catholic school alum, a response to President Trump's call to prayer",https://www.latimes.com/california/story/2025-09-26/from-a-catholic-school-alum-a-response-to-president-trumps-call-to-prayer
2025-09-26-10-00-00 +0000,latimes,Chabria: Federal authorities deserve to do their jobs safely. It starts with removing the masks,https://www.latimes.com/california/story/2025-09-26/chabria-column-masked-federal-authorities
2025-09-26-10-00-00 +0000,latimes,Insults are already flying in the crowded race for L.A. County sheriff,https://www.latimes.com/california/story/2025-09-26/luna-sheriff-election-2026
2025-09-26-10-00-00 +0000,latimes,"In Los Feliz, a Hearst heiress's estate asks $21.5 million",https://www.latimes.com/california/story/2025-09-26/in-los-feliz-a-hearst-heiresss-estate-asks-21-5-million
2025-09-26-10-00-00 +0000,latimes,A U.S. veteran spoke out against his wrongful arrest by ICE. Now he's being accused of assault,https://www.latimes.com/california/story/2025-09-26/dhs-accuses-veteran-of-assault-after-he-details-his-arrest
2025-09-26-10-00-00 +0000,latimes,Trump says research links Tylenol and autism; scientists say their paper is being misinterpreted,https://www.latimes.com/science/story/2025-09-26/tylenol-and-pregnancy-truth
2025-09-26-10-00-00 +0000,latimes,"UCLA chancellor ready to stand firm against Trump demands, unless they're 'valid'",https://www.latimes.com/california/story/2025-09-26/ucla-chancellor-julio-frenk-trump
2025-09-26-10-00-00 +0000,latimes,Cannibal and the Headhunters founder and L.A. Chicano rock pioneer dies,https://www.latimes.com/obituaries/story/2025-09-26/robert-rabbit-jaramillo-cannibal-and-the-headhunters-dead
2025-09-26-10-00-00 +0000,nypost,Eric Trump on why crypto is America’s financial future,https://nypost.com/2025/09/26/business/eric-trump-on-why-crypto-is-the-financial-future/
2025-09-26-10-00-00 +0000,wsj,How Zillow Got On Track for First Profitable Year Since 2012,https://www.wsj.com/articles/how-zillow-got-on-track-for-first-profitable-year-since-2012-8f79cca8?mod=pls_whats_news_us_business_f
2025-09-26-10-00-00 +0000,wsj,Bot Networks Are Helping Drag Consumer Brands Into the Culture Wars,https://www.wsj.com/articles/bot-networks-are-helping-drag-consumer-brands-into-the-culture-wars-63dffa04?mod=pls_whats_news_us_business_f
2025-09-26-10-00-00 +0000,wapo,AI is taking on live translations. But jobs and meaning are getting lost.,https://www.washingtonpost.com/business/2025/09/26/ai-translation-jobs/
2025-09-26-10-00-00 +0000,latimes,Contributor: Trump is doing everything he can to raise your energy bills,https://www.latimes.com/opinion/story/2025-09-26/donald-trump-energy-bills
2025-09-26-10-00-00 +0000,latimes,"15 transfers. 11 facilities. 4,800 miles: How faster, more frequent transfers of ICE detainees sow fear",https://www.latimes.com/politics/story/2025-09-26/faster-more-frequent-transfers-of-immigrant-ice-detainees-sow-fear-and-cut-off-resources
2025-09-26-09-59-43 +0000,bbc,Vinted users furious over InPost UK parcel delays,https://www.bbc.com/news/articles/c4gvpgy1w20o?at_medium=RSS&at_campaign=rss
2025-09-26-09-58-49 +0000,bbc,Tony Blair in discussions to run transitional Gaza authority,https://www.bbc.com/news/articles/c3drmk95xlzo?at_medium=RSS&at_campaign=rss
2025-09-26-09-50-47 +0000,nyt,4 Takeaways From Trump’s Securing of an Indictment Against Comey,https://www.nytimes.com/2025/09/26/us/politics/comey-indictment-trump-takeaways.html
2025-09-26-09-42-16 +0000,nyt,Trump’s New Tariffs Shock Countries Reeling From His Chaotic Trade War,https://www.nytimes.com/2025/09/26/business/trump-tariffs-asia.html
2025-09-26-09-30-00 +0000,wsj,Suspected Russian Drone Incursions Expose Gaps in NATO Defenses,https://www.wsj.com/world/europe/suspected-russian-drone-incursions-expose-gaps-in-nato-defenses-e77ececd
2025-09-26-09-30-00 +0000,wsj,Why Meta Thinks It Can Challenge Apple in Consumer AI Devices,https://www.wsj.com/tech/ai/why-meta-thinks-it-can-challenge-apple-in-consumer-ai-devices-e942fed2?mod=rss_markets_main
2025-09-26-09-28-37 +0000,bbc,Former FBI director James Comey indicted on two charges,https://www.bbc.com/news/articles/cy50ggv35zpo?at_medium=RSS&at_campaign=rss
2025-09-26-09-02-36 +0000,nyt,Gabbard Ends Intelligence Report on Future Threats to U.S.,https://www.nytimes.com/2025/09/26/us/politics/gabbard-intelligence-report-cancellation.html
2025-09-26-09-00-46 +0000,nyt,6 New Getaways Where You Can Delight in Autumn’s Charms,https://www.nytimes.com/2025/09/26/travel/hotels-autumn-north-america.html
2025-09-26-09-00-31 +0000,wapo,"For fleeing Gazans, even renting a spot to pitch a tent can cost too much",https://www.washingtonpost.com/world/2025/09/26/gaza-city-displaced-tents-shelter/
2025-09-26-09-00-29 +0000,nyt,Readers Have Their Own Suggestions on Redistricting,https://www.nytimes.com/2025/09/26/upshot/redistricting-gerrymandering-alternatives.html
2025-09-26-09-00-27 +0000,wapo,Using the internet in South Korea? Prepare for the pornographic ads.,https://www.washingtonpost.com/world/2025/09/26/webtoon-online-ads-explicit-violence/
2025-09-26-09-00-03 +0000,wapo,Has Pakistan extended its nuclear umbrella to Riyadh? No one will say.,https://www.washingtonpost.com/world/2025/09/26/pakistan-saudi-arabia-security-nuclear-weapons/
2025-09-26-09-00-00 +0000,wsj,The Path to the American Dream Is Narrowing for Indian Tech Workers,https://www.wsj.com/world/india/h1b-visas-india-tech-engineering-834e079a
2025-09-26-09-00-00 +0000,wsj,"Trump to Impose New Tariffs on Pharma, Big Trucks",https://www.wsj.com/economy/trade/trump-to-slap-new-tariffs-on-pharma-big-trucks-ab37416e?mod=pls_whats_news_us_business_f
2025-09-26-09-00-00 +0000,wsj,"President Trump announced many new tariffs Thursday, including a large one on pharmaceutical companies that aren’t building plants in the U.S.",https://www.wsj.com/economy/trade/trump-to-slap-new-tariffs-on-pharma-big-trucks-ab37416e
2025-09-26-08-55-17 +0000,nyt,Eurovision Members to Vote on Whether to Exclude Israel,https://www.nytimes.com/2025/09/25/arts/music/eurovision-israel-vote.html
2025-09-26-08-37-54 +0000,nyt,Federal Bureau of Prisons Ends Union Protections for Workers,https://www.nytimes.com/2025/09/26/us/politics/federal-prisons-workers-union.html
2025-09-26-08-28-06 +0000,bbc,Trump 'will move World Cup games from unsafe cities',https://www.bbc.com/sport/football/articles/czdjqvyvdd1o?at_medium=RSS&at_campaign=rss
2025-09-26-08-13-55 +0000,nypost,"Costco’s exclusive hours for executive members ‘very well received,’ drive sales boost of 1%",https://nypost.com/2025/09/26/business/costcos-exclusive-hours-for-executive-members-very-well-received-drive-sales-boost-of-1/
2025-09-26-08-08-05 +0000,wsj,Stock Market Today: Dow Rises After Trump Unveils New Tariffs,https://www.wsj.com/livecoverage/stock-market-today-dow-sp-500-nasdaq-09-26-2025?mod=rss_markets_main
2025-09-26-08-00-12 +0000,cbc,Why Canadian taxpayers spend millions on U.S. medical treatments,https://www.cbc.ca/news/investigates/ontario-millions-us-treatments-1.7643753?cmp=rss
2025-09-26-08-00-05 +0000,cbc,This doctor takes us through a day at Al-Shifa hospital in Gaza City,https://www.cbc.ca/news/world/gaza-hospital-israel-war-1.7643997?cmp=rss
2025-09-26-08-00-00 +0000,cbc,"Trump's Ukraine pivot: Backing away, or backing a winner?",https://www.cbc.ca/news/politics/trump-ukraine-reversal-1.7644226?cmp=rss
2025-09-26-07-54-59 +0000,bbc,PM 'remains committed' to Northern Powerhouse Rail,https://www.bbc.com/news/articles/ce86n868nyzo?at_medium=RSS&at_campaign=rss
2025-09-26-07-00-10 +0000,nyt,A Writer Who Delights in Demystifying the Arcane and Obscure,https://www.nytimes.com/2025/09/26/insider/franz-lidz.html
2025-09-26-06-50-29 +0000,nypost,Hulking Florida high school football coach accused of brawling with three players during practice: ‘History of it’,https://nypost.com/2025/09/26/us-news/florida-high-school-football-coach-jamir-clarke-accused-of-brawling-with-three-players-during-practice/
2025-09-26-06-42-39 +0000,bbc,Taiwan convicts ex-presidential aide of spying for China,https://www.bbc.com/news/articles/cp8w0j16pyno?at_medium=RSS&at_campaign=rss
2025-09-26-06-06-25 +0000,bbc,Sikh granny deported after 'unacceptable' treatment by US immigration,https://www.bbc.com/news/articles/c0jqvz24llyo?at_medium=RSS&at_campaign=rss
2025-09-26-05-47-00 +0000,nypost,New Jersey teacher placed on leave from Catholic school over surrogacy pregnancy,https://nypost.com/2025/09/26/us-news/new-jersey-teacher-placed-on-leave-from-catholic-school-over-surrogacy-pregnancy/
2025-09-26-05-36-16 +0000,bbc,Chris Mason: Starmer's irritation with Burnham shows as he seeks to tackle critics,https://www.bbc.com/news/articles/cly19zld70qo?at_medium=RSS&at_campaign=rss
2025-09-26-05-30-18 +0000,nypost,NYPD using distinct tattoos found on dismembered body in Queens to help ID victim,https://nypost.com/2025/09/26/us-news/nypd-using-distinct-tattoos-found-on-dismembered-body-in-queens-to-help-id-victim/
2025-09-26-05-09-38 +0000,bbc,'I'll be living off vegetables' - people fear rising food costs,https://www.bbc.com/news/articles/c77dzm681ygo?at_medium=RSS&at_campaign=rss
2025-09-26-05-03-03 +0000,nypost,"NYPD probing whether gunman who ambushed, killed 21-year-old at her NYC apartment was her abusive ex from out of state",https://nypost.com/2025/09/26/us-news/nypd-probing-whether-gunman-who-ambushed-killed-21-year-old-at-her-nyc-apartment-was-her-abusive-ex/
2025-09-26-05-00-53 +0000,bbc,"No 'pensioner deportations' under Reform, says Kruger",https://www.bbc.com/news/articles/cy9nyex12j5o?at_medium=RSS&at_campaign=rss
2025-09-26-04-49-24 +0000,nyt,Kennedy Says U.S. Rejects Global Health Goals,https://www.nytimes.com/2025/09/25/health/rfk-jr-un-chronic-disease.html
2025-09-26-04-38-51 +0000,nyt,Abbas’s Message to the United Nations,https://www.nytimes.com/2025/09/26/briefing/united-nations-trump-comey.html
2025-09-26-04-38-35 +0000,bbc,Drone attacks leave Denmark exposed - and searching for response,https://www.bbc.com/news/articles/c4g96gvql99o?at_medium=RSS&at_campaign=rss
2025-09-26-04-08-36 +0000,nyt,911 Service Is Restored in Louisiana and Mississippi,https://www.nytimes.com/2025/09/25/us/mississippi-louisiana-outages-911-emergency.html
2025-09-26-04-00-38 +0000,wapo,A respected European statesman has praise for Trump,https://www.washingtonpost.com/world/2025/09/26/trump-ukraine-stubb-finland/
2025-09-26-04-00-00 +0000,wsj,Trump Takes Aim at Chip Makers With New Plan to Throttle Imports,https://www.wsj.com/economy/trade/trump-chip-tariffs-exemptions-90fa2ab3?mod=pls_whats_news_us_business_f
2025-09-26-04-00-00 +0000,wsj,"The Trump administration is weighing a new plan to reduce dramatically the U.S.’s reliance on semiconductors made overseas, hoping to spur domestic manufacturing and reshape global supply chains",https://www.wsj.com/economy/trade/trump-chip-tariffs-exemptions-90fa2ab3
2025-09-26-03-59-59 +0000,nyt,"Trump Will Slap Tariffs on Imported Drugs, Trucks and Household Furnishings",https://www.nytimes.com/2025/09/25/business/economy/trump-tariffs-pharmaceuticals-furniture-trucks.html
2025-09-26-03-55-07 +0000,nypost,Michigan Democrat to introduce impeachment articles against RFK Jr: ‘Unfit to serve’,https://nypost.com/2025/09/25/us-news/michigan-democrat-haley-stevens-to-introduce-impeachment-articles-against-rfk-jr-unfit-to-serve/
2025-09-26-03-54-00 +0000,wsj,Trump Confirms He Will Block Israel From Annexing West Bank,https://www.wsj.com/world/middle-east/trump-confirms-he-will-block-israel-from-annexing-west-bank-24fd4bee
2025-09-26-03-45-00 +0000,wsj,Tokyo’s Price Growth Steady But Rate Increase Still in Play,https://www.wsj.com/economy/central-banking/tokyos-price-growth-steady-but-rate-increase-still-in-play-2a78af01
2025-09-26-03-26-01 +0000,bbc,Trump urged prosecutors to target Comey. Now he's been charged,https://www.bbc.com/news/articles/c33r872egvjo?at_medium=RSS&at_campaign=rss
2025-09-26-02-56-10 +0000,nypost,"Trump to put import taxes on pharmaceutical drugs, kitchen cabinets, furniture and heavy trucks",https://nypost.com/2025/09/25/us-news/trump-to-put-import-taxes-on-pharmaceutical-drugs-kitchen-cabinets-furniture-and-heavy-trucks/
2025-09-26-02-54-39 +0000,nypost,Trump suggests Somali president ‘take back’ Rep. Ilhan Omar after she trashed Charlie Kirk’s legacy,https://nypost.com/2025/09/25/us-news/trump-suggests-somali-president-take-back-rep-ilhan-omar-after-she-trashed-charlie-kirks-legacy/
2025-09-26-02-39-23 +0000,nypost,Scientists discover marine life thriving on World War II explosives in the Baltic Sea,https://nypost.com/2025/09/25/world-news/scientists-discover-marine-life-thriving-on-world-war-ii-explosives-in-the-baltic-sea/
2025-09-26-02-20-51 +0000,latimes,California 'MAGA Dentist' under fire for viral joke about hurting liberal patients,https://www.latimes.com/california/story/2025-09-25/california-maga-dentist-under-fire-for-joke-about-making-democrats-treatment-painful
2025-09-26-02-13-57 +0000,nyt,Trump May Try to Force Drugmakers to Match European Prices,https://www.nytimes.com/2025/09/25/health/drug-prices-trump.html
2025-09-26-02-11-00 +0000,wsj,James Comey Indicted on False Statement Charges,https://www.wsj.com/us-news/law/james-comey-indicted-on-false-statement-charges-2c896df2
2025-09-26-02-00-00 +0000,wsj,Europe’s Right-Wing Populists Swerve Left on the Economy,https://www.wsj.com/world/europe/europe-populist-right-wing-left-economics-eb7d3f9f
2025-09-26-01-59-28 +0000,latimes,"Former Orange County deputy pleads guilty in sexual assault of female inmates, faces no jail time",https://www.latimes.com/california/story/2025-09-25/former-orange-county-deputy-arrested-for-sexual-assault-is-free
2025-09-26-01-43-02 +0000,latimes,Reinstallation of Trump and Epstein statue denied after its removal from National Mall,https://www.latimes.com/entertainment-arts/story/2025-09-25/trump-epstein-statue-removed-reinstalled-permit-denied
2025-09-26-01-39-24 +0000,latimes,CDC warns of dramatic rise in dangerous drug-resistant bacteria. How you can protect yourself,https://www.latimes.com/california/story/2025-09-25/dramatic-rise-in-dangerous-drug-resistant-bacteria-cdc-warns-how-you-can-protect-yourself
2025-09-26-01-36-12 +0000,nyt,Abbas Says Hamas Will Not Govern Palestine After War With Israel,https://www.nytimes.com/2025/09/25/world/middleeast/abbas-hamas-gaza-war-unga.html
2025-09-26-01-36-01 +0000,nyt,Giant Brand Bikes Made in Taiwan Barred by Trump Administration,https://www.nytimes.com/2025/09/24/business/economy/giant-bicycles-forced-labor.html
2025-09-26-01-21-21 +0000,bbc,Reform faces questions over tech investor's role in cost-cutting drive,https://www.bbc.com/news/articles/c4gzwn42xdvo?at_medium=RSS&at_campaign=rss
2025-09-26-01-14-16 +0000,nyt,"Attack on Dallas ICE Was ‘Very Definition of Terrorism,’ Prosecutor Says",https://www.nytimes.com/2025/09/25/us/politics/dallas-ice-shooting.html
2025-09-26-01-13-41 +0000,bbc,Trump says he 'will not allow' Netanyahu to annex West Bank,https://www.bbc.com/news/articles/c3e7d32epk3o?at_medium=RSS&at_campaign=rss
2025-09-26-01-09-08 +0000,48hills,Neighborhood finds it’s hard to fight AT&T,https://48hills.org/2025/09/neighborhood-finds-its-hard-to-fight-att/
2025-09-26-01-00-00 +0000,wsj,"How Trump’s Deportation Effort Is Playing Out, in Charts",https://www.wsj.com/us-news/ice-deportations-charts-b3593e29
2025-09-26-01-00-00 +0000,wsj,The Supreme Court is poised to decide whether President Trump can remove Lisa Cook from the Fed board in a case that economists and former officials say threatens to erode central bank independence,https://www.wsj.com/economy/central-banking/fed-lisa-cook-supreme-court-trump-66fdd1b0
2025-09-26-00-46-37 +0000,nyt,Canada Orders Postal Service to End Door-to-Door Mail Delivery,https://www.nytimes.com/2025/09/25/world/americas/canada-postal-service-door-mail-delivery.html
2025-09-26-00-46-27 +0000,nyt,Trump Orders Broad Effort to Root Out Groups He Says Organize Political Violence,https://www.nytimes.com/2025/09/25/us/politics/trump-memorandum-left-wing-violence.html
2025-09-26-00-43-00 +0000,wsj,"The government is hurtling toward a shutdown, with Republicans and Democrats digging in to starkly different positions and White House threats of more federal layoffs raising the stakes",https://www.wsj.com/politics/policy/democrats-dig-in-on-shutdown-stance-after-white-house-threatens-to-fire-workers-3825a120
2025-09-26-00-35-27 +0000,48hills,Good Taste: Supergroup of chefs launch Indian Restaurant Week,https://48hills.org/2025/09/good-taste-supergroup-of-chefs-launch-indian-restaurant-week/
2025-09-26-00-27-44 +0000,nyt,What’s Behind Nexstar and Sinclair Boycotting Jimmy Kimmel?,https://www.nytimes.com/2025/09/25/business/media/jimmy-kimmel-boycotts-nexstar-sinclair.html
2025-09-26-00-23-33 +0000,nyt,Trump Wades Into Bailout Politics in Offering a Lifeline to Argentina,https://www.nytimes.com/2025/09/25/us/politics/trump-argentina-milei-bailout.html
2025-09-26-00-23-14 +0000,latimes,A 'very mean squirrel' is going nuts in this California town. Two victims sent to the ER,https://www.latimes.com/california/story/2025-09-25/a-very-mean-squirrel-is-going-nuts-in-this-california-town-two-victims-sent-to-the-er
2025-09-26-00-15-42 +0000,nypost,Republican lawmakers will introduce bill to put Charlie Kirk on silver dollar coins,https://nypost.com/2025/09/25/us-news/republican-lawmakers-will-introduce-bill-to-put-charlie-kirk-on-silver-dollar-coins/
2025-09-26-00-09-12 +0000,wapo,Families of Camp Mystic victims say plan to reopen ‘intensified our grief’,https://www.washingtonpost.com/nation/2025/09/25/camp-mystic-reopening-floods-parents/
2025-09-26-00-08-11 +0000,bbc,The Indian who caught 'Bikini killer' twice - and is now Netflix hero,https://www.bbc.com/news/articles/cq65gvjqz88o?at_medium=RSS&at_campaign=rss
2025-09-26-00-07-56 +0000,bbc,Stray Kids downplay global fame: 'Success is a strong word',https://www.bbc.com/news/articles/cy9n502g0vxo?at_medium=RSS&at_campaign=rss
2025-09-26-00-00-00 +0000,wsj,The TV Boss Who Kicked Kimmel Off His Stations and Started a Firestorm,https://www.wsj.com/business/media/who-is-nexstar-ceo-jimmy-kimmel-724f4da7?mod=pls_whats_news_us_business_f
2025-09-25-23-59-31 +0000,wapo,"Dallas shooter intended to harm ICE agents, officials say",https://www.washingtonpost.com/nation/2025/09/25/joshua-jahn-texas-ice-dallas-shooting-suspect/
2025-09-25-23-56-17 +0000,nypost,Trump celebrates James Comey indictment in scathing Truth Social post — as ex-FBI director is expected to surrender Friday,https://nypost.com/2025/09/25/us-news/trump-celebrates-james-comey-indictment-in-scathing-truth-social-post/
2025-09-25-23-56-00 +0000,wsj,Secretary of Defense Pete Hegseth has ordered generals and admirals from around the world to gather for an urgent meeting near Washington early on Tuesday,https://www.wsj.com/politics/national-security/pete-hegseth-us-military-commanders-meeting-c7ee2a08
2025-09-25-23-49-46 +0000,cbc,"Putin playing 'chicken' in Eastern Europe, says Russian military expert",https://www.cbc.ca/news/politics/russia-air-incursions-1.7644191?cmp=rss
2025-09-25-23-46-00 +0000,cbc,"Trump to put tariffs on cabinets, furniture, pharmaceuticals and heavy trucks",https://www.cbc.ca/news/world/new-tariffs-trucks-cabinets-drugs-1.7644196?cmp=rss
2025-09-25-23-38-00 +0000,wsj,"Canada Orders Revamp at Postal Service, Sparking Sudden Strike by Workers",https://www.wsj.com/world/americas/canada-orders-revamp-at-postal-service-including-end-to-door-to-door-delivery-b4bbbe97
2025-09-25-23-33-13 +0000,bbc,Why a tiny island's fate could decide Seychelles' next president,https://www.bbc.com/news/articles/c5yvqrvjrw7o?at_medium=RSS&at_campaign=rss
2025-09-25-23-30-58 +0000,nypost,"Here’s where Bob Iger’s Jimmy Kimmel standoff with Nexstar, Sinclair is headed — and why nobody is joking",https://nypost.com/2025/09/25/media/heres-where-bob-igers-jimmy-kimmel-standoff-with-nexstar-sinclair-is-headed-and-why-nobody-is-joking/
2025-09-25-23-28-51 +0000,cbc,"U.S. ambassador says Washington has to 'take a look' at airport pre-clearance, citing drop in Canadian tourism",https://www.cbc.ca/news/canada/calgary/us-ambassador-airport-pre-clearance-1.7644088?cmp=rss
2025-09-25-23-25-32 +0000,nyt,"L.A. Wildfire Evacuations Were Slowed by System Weaknesses, New Report Finds",https://www.nytimes.com/2025/09/25/us/los-angeles-fires-evacuations-report.html
2025-09-25-23-15-21 +0000,nypost,Amazon’s AWS boss chides staff for slow product rollouts: ‘It’s valuable if we can actually launch them’,https://nypost.com/2025/09/25/business/amazons-aws-boss-chides-staff-for-slow-product-rollouts/
2025-09-25-23-09-14 +0000,latimes,"Justice Department sues California, other states that have declined to share voter rolls",https://www.latimes.com/politics/story/2025-09-25/justice-department-sues-california-other-states-that-have-declined-to-share-voter-rolls
2025-09-25-23-09-10 +0000,nyt,Prosecutor Believes Shooting at ABC Affiliate Was Politically Motivated,https://www.nytimes.com/2025/09/25/us/abc-affiliate-shooting-california.html
2025-09-25-23-09-06 +0000,cbc,Former FBI director James Comey indicted on criminal charges,https://www.cbc.ca/news/world/james-comey-charged-1.7644147?cmp=rss
2025-09-25-23-05-04 +0000,48hills,Screen Grabs: ‘One Battle After Another’ tests our moment’s wild waters,https://48hills.org/2025/09/screen-grabs-one-battle-after-another-tests-our-moments-wild-waters/
2025-09-25-23-02-06 +0000,bbc,The bacteria turning waste plastic into painkillers,https://www.bbc.com/news/articles/c4gvm1kjxxvo?at_medium=RSS&at_campaign=rss
2025-09-25-23-01-54 +0000,latimes,Fire victims get one year of mortgage relief under new law,https://www.latimes.com/business/story/2025-09-25/bill-offering-one-year-of-mortgage-relief-to-jan-7-fire-victims-signed-into-law
2025-09-25-22-53-19 +0000,nypost,"Former FBI Director James Comey indicted on charges of lying to Congress, obstruction of justice",https://nypost.com/2025/09/25/us-news/former-fbi-director-james-comey-indicted-on-charges-of-lying-to-congress/
2025-09-25-22-52-42 +0000,cbc,U.S. film company condemns edit of horror film in China to make a gay couple straight,https://www.cbc.ca/news/entertainment/chinese-horror-edit-1.7643960?cmp=rss
2025-09-25-22-50-53 +0000,nypost,Trump vows he ‘will not allow Israel to annex the West Bank’,https://nypost.com/2025/09/25/world-news/trump-vows-he-will-not-allow-israel-to-annex-the-west-bank/
2025-09-25-22-47-45 +0000,latimes,Recognize this alleged package thief? Police are calling him 'Postal Malone',https://www.latimes.com/california/story/2025-09-25/recognize-this-package-thief-no-its-not-post-malone
2025-09-25-22-44-09 +0000,nyt,Countries Consider A.I.’s Dangers and Benefits at U.N.,https://www.nytimes.com/2025/09/25/business/un-artificial-intelligence.html
2025-09-25-22-37-37 +0000,nypost,"Ex-employees at RadioShack, Pier 1 Imports blew the whistle on owners’ ‘Ponzi scheme’",https://nypost.com/2025/09/25/business/ex-employees-at-radioshack-pier-1-imports-owner-blew-the-whistle-on-ponzi-scheme/
2025-09-25-22-23-11 +0000,latimes,Trump signs executive order to keep TikTok operating in U.S.,https://www.latimes.com/entertainment-arts/business/story/2025-09-25/trump-signs-executive-order-to-keep-tiktok-operating-in-u-s
2025-09-25-22-22-17 +0000,bbc,US President Gerald Ford's would-be assassin dies at age 95,https://www.bbc.com/news/articles/crmeln4p44zo?at_medium=RSS&at_campaign=rss
2025-09-25-22-18-22 +0000,wapo,"As Gaza engulfs European politics, Italy sends navy ship on unlikely mission",https://www.washingtonpost.com/world/2025/09/25/gaza-flotilla-italy-spain-navy-israel/
2025-09-25-22-13-20 +0000,wapo,White House begins plan for mass firings if there’s a government shutdown,https://www.washingtonpost.com/business/2025/09/25/government-shutdown-omb-firings-trump/
2025-09-25-22-10-00 +0000,wsj,The Justice Department has told federal prosecutors to draft plans to investigate a group funded by liberal philanthropist George Soros,https://www.wsj.com/politics/policy/justice-department-lays-groundwork-for-probes-of-soros-funded-group-215afca4
2025-09-25-22-09-00 +0000,wsj,Opinion | The Supreme Court and Trump’s Firing Power,https://www.wsj.com/opinion/supreme-court-humphreys-executor-ftc-rebecca-kelly-slaughter-independent-agencies-donald-trump-a7d8ce1d
2025-09-25-22-05-00 +0000,wsj,Texas Officials Identify Joshua Jahn as Suspect in Dallas ICE Shooting,https://www.wsj.com/us-news/dallas-texas-ice-shooting-joshua-jahn-94350a97
2025-09-25-22-04-00 +0000,wsj,Opinion | The ‘Anti-ICE’ Shooting in Dallas,https://www.wsj.com/opinion/ice-shooting-dallas-joshua-jahn-f680753f
2025-09-25-22-04-00 +0000,wsj,"Opinion | The $100,000 H-1B Visa Mistake",https://www.wsj.com/opinion/donald-trump-h-1b-visa-fees-legal-immigration-jobs-0d9c4194
2025-09-25-22-04-00 +0000,wsj,Unusual Trading Ahead of Crypto-Treasury Deals Draws Scrutiny From U.S. Regulators,https://www.wsj.com/finance/regulation/sec-crypto-treasury-deal-trading-21d631ae?mod=rss_markets_main
2025-09-25-22-03-27 +0000,nypost,"Eric Adams labeled ‘not relevant’ as mayor, City Council spar over ex-inmate supportive housing in the Bronx",https://nypost.com/2025/09/25/us-news/mayor-eric-adams-and-city-council-spar-over-ex-inmate-supportive-housing-in-bronx/
2025-09-25-22-03-18 +0000,nyt,Trump Says He Won’t Allow Israel to Annex the West Bank,https://www.nytimes.com/2025/09/25/world/middleeast/trump-annexation-west-bank.html
2025-09-25-22-03-00 +0000,wsj,Opinion | Ned Lamont’s Pension Three-Pointer,https://www.wsj.com/opinion/ned-lamont-employee-pensions-connecticut-sun-wnba-mohegan-tribe-afscme-89933954
2025-09-25-22-01-24 +0000,bbc,China launches campaign to keep killjoys off the internet,https://www.bbc.com/news/articles/c39r7p47wzgo?at_medium=RSS&at_campaign=rss
2025-09-25-22-01-00 +0000,wsj,Opinion | Government Steals Land in the Name of Birds and Frogs,https://www.wsj.com/opinion/government-steals-land-in-the-name-of-birds-and-frogs-f92c6edc
2025-09-25-21-59-23 +0000,bbc,PM compares Burnham's economic proposals to Truss 'disaster',https://www.bbc.com/news/articles/cly0n24k04ro?at_medium=RSS&at_campaign=rss
2025-09-25-21-59-13 +0000,nypost,Trump DOJ official tells prosecutors to probe George Soros group for potential ‘pro-terror’ funding: report,https://nypost.com/2025/09/25/us-news/trump-doj-official-tells-prosecutors-to-probe-george-soros-group-for-potential-pro-terror-funding-report/
2025-09-25-21-56-36 +0000,nyt,Chicago to Pay $90 Million to Settle Cases Tied to an Ex-Police Sergeant’s Team,https://www.nytimes.com/2025/09/25/us/chicago-police-settlement-ronald-watts.html
2025-09-25-21-52-36 +0000,bbc,"Trump claims a TikTok deal is done. Who would own it, and how would it work?",https://www.bbc.com/news/articles/clyng762q4eo?at_medium=RSS&at_campaign=rss
2025-09-25-21-47-40 +0000,nyt,Abbas’s Message on Gaza to the United Nations,https://www.nytimes.com/2025/09/25/briefing/abbas-gaza-unga-tiktok-trump-palestine.html
2025-09-25-21-47-00 +0000,wsj,Opinion | Charlie Kirk and the New Christian GOP,https://www.wsj.com/opinion/charlie-kirk-and-the-new-christian-gop-f9d866b0
2025-09-25-21-42-00 +0000,wsj,Chinese Premier Signals Desire for Stable U.S. Relations in New York Visit,https://www.wsj.com/world/china/chinese-premier-signals-desire-for-stable-u-s-relations-in-new-york-visit-08d6a913
2025-09-25-21-36-51 +0000,latimes,Whales are getting tangled in lines and ropes off the California coast in record numbers,https://www.latimes.com/environment/story/2025-09-25/record-number-of-whale-entanglements-in-2025-sf-bay-area-one-of-the-worst
2025-09-25-21-35-57 +0000,nyt,"Israel Attacks Yemeni Capital, a Day After Houthi Drone Strike",https://www.nytimes.com/2025/09/25/world/middleeast/israel-yemen-houthis.html
2025-09-25-21-33-30 +0000,cbc,Canada Post workers walk off the job after government demands reforms,https://www.cbc.ca/news/politics/canada-post-strike-government-reforms-1.7644025?cmp=rss
2025-09-25-21-30-32 +0000,nypost,Greta Thunberg’s flotilla radio hacked to blast ABBA music in jab at activist’s Swedish roots,https://nypost.com/2025/09/25/world-news/greta-thunbergs-flotilla-radio-hacked-to-blast-abba-music/
2025-09-25-21-30-00 +0000,missionlocal,Photos: Inside the ‘Thieves Market’ at 16th and Mission,https://missionlocal.org/2025/09/sf-16th-mission-thieves-market-photos/
2025-09-25-21-30-00 +0000,wsj,Opinion | The Economic Cost of Trump’s Tariff Revival,https://www.wsj.com/opinion/the-economic-cost-of-trumps-tariff-revival-f9237364?mod=pls_whats_news_us_business_f
2025-09-25-21-29-00 +0000,wsj,Opinion | Indonesia to Israel: ‘Shalom’,https://www.wsj.com/opinion/indonesia-to-israel-shalom-99f007ef
2025-09-25-21-29-00 +0000,wsj,Auto Industry Is Flashing a Warning Sign on U.S. Economy,https://www.wsj.com/business/autos/carmax-profit-plunge-signals-more-pain-ahead-for-tariff-strained-auto-sector-374966c7?mod=pls_whats_news_us_business_f
2025-09-25-21-24-17 +0000,latimes,The Eaton Fire: How the system failed Altadena,https://www.latimes.com/california/story/2025-09-25/the-eaton-fire-how-the-system-failed-altadena
2025-09-25-21-21-09 +0000,bbc,"Bosch to cut 13,000 jobs to save billions in costs",https://www.bbc.com/news/articles/cx275251xzro?at_medium=RSS&at_campaign=rss
2025-09-25-21-20-05 +0000,nyt,Why Is Trump Targeting George Soros’s Foundation? Here’s What to Know.,https://www.nytimes.com/2025/09/25/us/politics/george-soros-foundation-trump.html
2025-09-25-21-19-52 +0000,nyt,Justice Department Sues Six States Seeking Private Voter Data,https://www.nytimes.com/2025/09/25/us/politics/doj-lawsuit-voter-data-trump.html
2025-09-25-21-18-38 +0000,nypost,"Federal judge rules against Trump admin, allows massive offshore wind project to resume",https://nypost.com/2025/09/25/us-news/federal-judge-rules-against-trump-admin-allows-resume-of-massive-offshore-wind-project/
2025-09-25-21-04-54 +0000,latimes,Shareholders question Disney about decision to suspend Jimmy Kimmel,https://www.latimes.com/entertainment-arts/business/story/2025-09-25/shareholders-question-disney-about-decision-to-suspend-jimmy-kimmel
2025-09-25-21-02-00 +0000,wsj,Amazon Reaches $2.5 Billion Settlement Over Allegations It Misled Prime Users,https://www.wsj.com/tech/amazon-prime-settlement-63b2c735?mod=pls_whats_news_us_business_f
2025-09-25-21-02-00 +0000,wsj,Fed governor Lisa Cook urged the Supreme Court to allow her to stay on the central bank’s board while her lawsuit over President Trump’s attempt to fire her proceeds,https://www.wsj.com/politics/policy/fed-governor-lisa-cook-tells-supreme-court-the-central-banks-independence-at-stake-1ed47a57
2025-09-25-21-00-46 +0000,nyt,"Lisa Cook Asks Supreme Court to Remain at Fed, Calling Fraud Allegations ‘Flimsy’",https://www.nytimes.com/2025/09/25/us/politics/supreme-court-lisa-cook-secretaries.html
2025-09-25-20-56-00 +0000,wsj,Lawmakers Urge FAA to Act on Fumes Leaking Into Commercial Aircraft,https://www.wsj.com/business/airlines/lawmakers-urge-faa-to-act-on-fumes-leaking-into-commercial-aircraft-7c554deb?mod=pls_whats_news_us_business_f
2025-09-25-20-48-46 +0000,nypost,Trump signs TikTok deal that gives American investors majority control after ‘very good talk’ with President Xi,https://nypost.com/2025/09/25/business/trump-signs-tiktok-deal-after-very-good-talk-with-president-xi/
2025-09-25-20-45-43 +0000,wapo,Trump administration calls for radical reform of world’s asylum system,https://www.washingtonpost.com/national-security/2025/09/25/trump-asylum-reforms-christopher-landau/
2025-09-25-20-40-00 +0000,wsj,Stocks Extend Slide for a Third-Straight Day Ahead of Inflation Data,https://www.wsj.com/finance/stocks/stocks-extend-slide-for-a-third-straight-day-ahead-of-inflation-data-88612d53?mod=rss_markets_main
2025-09-25-20-39-27 +0000,bbc,Jaguar Land Rover restarts some IT systems after cyber-attack,https://www.bbc.com/news/articles/c0q75q4l87no?at_medium=RSS&at_campaign=rss
2025-09-25-20-27-00 +0000,wsj,"The Bank of Mexico cut its benchmark interest rate to a three-year low Thursday as expected and said further reductions are possible, while it still sees inflation returning to its target next year.",https://www.wsj.com/articles/bank-of-mexico-makes-10th-straight-interest-rate-cut-cf549d88
2025-09-25-20-24-56 +0000,nypost,"Drones target 4 Danish airports, snarling flights in ‘systematic’ and ‘hybrid attack’: officials",https://nypost.com/2025/09/25/world-news/drones-target-4-danish-airports-snarling-flights-in-systematic-and-hybrid-attack-officials/
2025-09-25-20-17-18 +0000,latimes,Bestselling author and wife of Weezer bassist avoids jail after shooting at LAPD officers,https://www.latimes.com/california/story/2025-09-25/jillian-lauren-diversion
2025-09-25-20-16-00 +0000,wsj,"Senators Want Answers From Big Tech on H-1B Workers, Layoffs",https://www.wsj.com/politics/policy/h1b-visa-grassley-durbin-letter-tech-firms-8fe931e9?mod=pls_whats_news_us_business_f
2025-09-25-20-16-00 +0000,wsj,"U.S. companies are facing heightened scrutiny from Capitol Hill over their use of foreign employees on H-1B visas, with lawmakers raising concerns about layoffs and Americans’ slumping job prospects",https://www.wsj.com/politics/policy/h1b-visa-grassley-durbin-letter-tech-firms-8fe931e9
2025-09-25-20-07-11 +0000,nyt,Microsoft Disables Some Services to Israel’s Defense Ministry,https://www.nytimes.com/2025/09/25/technology/microsoft-israel-defense-ministry.html
2025-09-25-20-05-17 +0000,nypost,Secretary of War Pete Hegseth orders nearly all top US generals to attend mystery meeting next week,https://nypost.com/2025/09/25/us-news/secretary-of-war-pete-hegseth-orders-top-us-generals-to-attend-mystery-meeting-next-week/
2025-09-25-20-00-00 +0000,wsj,Microsoft Disables Some Cloud Services Used by Israel’s Defense Ministry,https://www.wsj.com/tech/microsoft-cuts-back-work-with-israels-defense-ministry-bd4fae2a?mod=pls_whats_news_us_business_f
2025-09-25-19-58-15 +0000,nyt,Georgia Inmate Gets 80-Year Sentence for Mailing Bombs,https://www.nytimes.com/2025/09/25/us/georgia-inmate-bombs-mail-sentencing.html
2025-09-25-19-49-13 +0000,bbc,Amazon agrees to pay $2.5bn over claims it tricked Prime customers,https://www.bbc.com/news/articles/cg7dy9018jxo?at_medium=RSS&at_campaign=rss
2025-09-25-19-47-14 +0000,bbc,Israeli strike on Yemen's Houthis reportedly kills eight,https://www.bbc.com/news/articles/c8rvmx60g07o?at_medium=RSS&at_campaign=rss
2025-09-25-19-41-25 +0000,nypost,Ex-AG Bill Barr opposes DC disbarment of Trump official Jeff Clark over 2020 election stance,https://nypost.com/2025/09/25/us-news/ex-ag-bill-barr-opposes-dc-disbarment-of-trump-official-jeff-clark-over-2020-election-stance/
2025-09-25-19-32-22 +0000,nypost,Ukraine President Zelensky says he’s ‘ready’ to step aside after Russia war ends,https://nypost.com/2025/09/25/world-news/ukraine-president-volodymyr-zelensky-says-hes-ready-to-step-aside-after-russia-war-ends/
2025-09-25-19-30-25 +0000,nyt,"Soybeans Were America’s Biggest Export to China. Now, Sales Are Down to Zero.",https://www.nytimes.com/2025/09/25/business/china-soybean-sales-farmers.html
2025-09-25-19-29-34 +0000,nyt,Google Asks Supreme Court to Intervene in Dispute With Fortnite Creator,https://www.nytimes.com/2025/09/25/us/politics/google-supreme-epic-games.html
2025-09-25-19-22-48 +0000,nyt,"Gambians Say, ‘Thank You’ After U.S. Denied Local Officials Visas to Attend U.N. Gathering",https://www.nytimes.com/2025/09/25/world/africa/gambia-us-visas-un.html
2025-09-25-19-18-29 +0000,nyt,Denmark Briefly Closes More Airports After Unexplained Drone Sightings,https://www.nytimes.com/2025/09/25/world/europe/drones-denmark-airport.html
2025-09-25-19-18-00 +0000,wsj,"Trump Open to Selling F-35s to Turkey, but Chides Erdogan for Buying Russian Oil",https://www.wsj.com/world/europe/trump-open-to-selling-f-35s-to-turkey-but-chides-erdogan-for-buying-russian-oil-0f6bac53
2025-09-25-19-14-48 +0000,bbc,"Dallas shooter intended target to be ICE not detainees, officials say",https://www.bbc.com/news/articles/ckgel2516zpo?at_medium=RSS&at_campaign=rss
2025-09-25-18-59-49 +0000,bbc,Trump urges Turkey to stop buying Russian oil as Erdogan chases deal on F-35s,https://www.bbc.com/news/articles/c8jm3lr7vkyo?at_medium=RSS&at_campaign=rss
2025-09-25-18-54-56 +0000,wapo,Former French president handed 5-year prison term over Gaddafi money,https://www.washingtonpost.com/world/2025/09/25/french-nicolas-sarkozy-sentenced/
2025-09-25-18-54-25 +0000,nyt,Trump Says He Wants to Give Aid to Struggling Farmers,https://www.nytimes.com/2025/09/25/business/trump-farmer-bailout.html
2025-09-25-18-54-04 +0000,latimes,Pokémon company protests Department of Homeland Security 'Gotta Catch 'Em All' post,https://www.latimes.com/entertainment-arts/business/story/2025-09-25/pokemon-speaks-out-against-department-of-homeland-security-using-their-material
2025-09-25-18-43-43 +0000,bbc,PM defends mayor against 'ridiculous' Trump claims,https://www.bbc.com/news/articles/c147vd511djo?at_medium=RSS&at_campaign=rss
2025-09-25-18-43-06 +0000,nypost,"Horror moment unstoppable wall of water from monster typhoon burst through glass, washing away hotel guests",https://nypost.com/2025/09/25/world-news/super-typhoon-ragasa-kills-at-least-14-in-taiwan-injuries-in-hong-kong/
2025-09-25-18-41-55 +0000,wapo,Engraved bullet casings have become shooters’ manifestos,https://www.washingtonpost.com/nation/2025/09/25/bullet-casings-mass-shootings/
2025-09-25-18-38-58 +0000,nyt,House Committee Opens Inquiry Into Uber Over Sexual Abuse,https://www.nytimes.com/2025/09/25/business/uber-sexual-assault-house-inquiry.html
2025-09-25-18-14-29 +0000,latimes,Spotify says it removed millions of 'spammy' AI-generated music tracks,https://www.latimes.com/entertainment-arts/business/story/2025-09-25/spotify-removes-ai-spammy-music-tracks
2025-09-25-18-13-18 +0000,bbc,Sean 'Diddy' Combs back in court to ask for reversal of conviction or new trial,https://www.bbc.com/news/articles/ce80gd82r95o?at_medium=RSS&at_campaign=rss
2025-09-25-18-13-08 +0000,nypost,Microsoft disables set of key services to Israeli military after review found Gaza surveillance,https://nypost.com/2025/09/25/business/microsoft-disables-cloud-ai-services-to-israel-military-after-review-found-gaza-surveillance/
2025-09-25-18-12-00 +0000,wsj,Opinion | Friedrich Merz Sets Himself Up for a Great Fall,https://www.wsj.com/opinion/friedrich-merz-sets-himself-up-for-a-great-fall-2441f3e6
2025-09-25-18-12-00 +0000,wsj,Opinion | Candace Owens Is a Latter-Day Gnostic,https://www.wsj.com/opinion/candace-owens-is-a-latter-day-gnostic-9afcac0c?mod=pls_whats_news_us_business_f
2025-09-25-18-06-29 +0000,latimes,"Starbucks plans to close hundreds of stores and lay off close to 1,000 people",https://www.latimes.com/business/story/2025-09-25/starbucks-to-lay-off-nearly-1-000-employees
2025-09-25-18-04-23 +0000,missionlocal,"Voss Gallery in Mission closes, but will continue virtually and ‘nomadically’",https://missionlocal.org/2025/09/voss-gallery-in-mission-closes-but-will-continue-virtually-and-nomadically/
2025-09-25-18-03-14 +0000,nypost,NJ PBS to shutter in 2026 after ‘very significant’ public funding cuts: ‘A loss for all of us’,https://nypost.com/2025/09/25/business/nj-pbs-to-shutter-in-2026-after-very-significant-public-funding-cuts/
2025-09-25-18-01-11 +0000,bbc,Backlash from Labour MPs to Burnham leadership ambitions,https://www.bbc.com/news/articles/c70190e0p6yo?at_medium=RSS&at_campaign=rss
2025-09-25-17-59-22 +0000,wapo,Trump says Kyiv can win back all its land. It’s not that simple.,https://www.washingtonpost.com/world/2025/09/25/ukraine-russia-territory-win/
2025-09-25-17-59-00 +0000,wsj,Oklahoma’s Top Education Official Who Pushed for Bibles in Schools to Resign,https://www.wsj.com/us-news/education/oklahoma-ryan-walters-state-superintendent-resigns-32621c87
