score,word
49,trump
16,court
11,president
11,new
11,tariffs
10,ukraine
8,out
7,israeli
7,california
7,judge
7,government
7,war
6,fire
6,dead
6,administration
6,year
6,left
6,illegal
6,up
6,russian
6,killed
6,appeals
6,three
6,shooting
6,market
6,house
5,fed
5,city
5,congress
5,redistricting
5,nyc
5,gaza
5,cracker
5,barrel
5,russia
5,trade
5,attack
5,will
5,bankruptcy
4,palestinian
4,governor
4,deal
4,like
4,leader
4,calls
4,former
4,south
4,he
4,china
4,office
4,blow
4,white
4,amid
4,police
4,israel
4,foreign
4,political
4,behind
4,she
4,blocks
4,protection
4,cook
4,lisa
4,top
4,without
4,minnesota
4,dies
4,group
4,minneapolis
3,demand
3,hotel
3,off
3,aid
3,america
3,asylum
3,one
3,college
3,cuts
3,where
3,no
3,secret
3,you
3,death
3,tries
3,around
3,growing
3,supreme
3,newsom
3,files
3,campaign
3,using
3,airlines
3,spirit
3,end
3,economic
3,children
3,immigration
3,military
3,indonesia
3,tax
3,deadly
3,under
3,york
3,canada
3,million
3,korea
3,meeting
3,storm
3,baby
3,lawyers
3,even
3,ukrainian
3,rules
3,billion
3,sues
3,use
3,was
3,special
3,canadians
3,shot
3,hits
3,two
3,asks
3,public
3,reserve
3,rebel
3,minister
3,prime
3,against
3,rates
3,warns
3,victim
3,oil
3,parts
3,spending
3,crash
3,annunciation
3,throw
3,tesla
3,vice
3,too
3,owners
3,congressional
3,time
3,cdc
3,talk
3,gov
3,church
2,dozen
2,months
2,hit
2,lapd
2,verdict
2,covid
2,museum
2,job
2,defends
2,american
2,families
2,protections
2,prices
2,fatal
2,gas
2,nabs
2,seeks
2,ssense
2,victims
2,luxury
2,fighting
2,finding
2,camera
2,bank
2,nj
2,prosecutor
2,expected
2,efforts
2,jd
2,won
2,costa
2,lost
2,petty
2,quarter
2,epping
2,day
2,labor
2,protest
2,growth
2,full
2,inmates
2,hundreds
2,strangers
2,funds
2,security
2,need
2,father
2,occupation
2,family
2,arrested
2,file
2,parliament
2,county
2,approved
2,driver
2,summer
2,food
2,building
2,council
2,mayor
2,marin
2,prosecutors
2,turn
2,ahead
2,assembly
2,pushing
2,run
2,days
2,zelensky
2,girl
2,being
2,burning
2,social
2,democrats
2,seat
2,election
2,seek
2,ernst
2,joni
2,sources
2,himself
2,showdown
2,law
2,acting
2,poilievre
2,return
2,kamala
2,harris
2,service
2,detail
2,bill
2,bars
2,map
2,missouri
2,policy
2,india
2,jr
2,transgender
2,ll
2,republican
2,read
2,look
2,board
2,them
2,interest
2,lawmakers
2,kennedy
2,start
2,would
2,stocks
2,prison
2,chief
2,fda
2,legal
2,clash
2,across
2,protests
2,defence
2,moves
2,cut
2,firing
2,makes
2,young
2,chatgpt
2,vaccine
2,gave
2,biggest
2,sports
2,art
2,roundup
2,reform
2,school
2,murder
2,mass
2,accused
2,de
2,idea
2,world
2,access
2,following
2,angeles
2,appeal
2,power
2,projects
2,wind
2,offshore
2,funding
2,transportation
2,texas
2,failing
2,gone
2,noem
2,kristi
2,body
2,recovered
2,deporting
2,inside
2,deportation
2,show
2,venezuelan
2,local
2,child
2,care
2,far
2,talks
2,peace
2,parole
2,hearing
2,gets
2,ruled
2,next
2,happens
2,operations
2,move
2,most
2,early
2,took
2,lviv
2,hostages
2,her
2,aoc
2,great
2,free
2,mamdani
2,perpetrator
2,strike
2,houthi
2,tried
2,kyiv
2,refineries
2,houthis
2,detained
2,violence
2,soul
2,andriy
2,parubiy
2,massive
2,staff
2,voice
2,released
2,suspect
2,share
2,thai
2,london
2,alliance
2,demands
2,escape
2,mexico
2,closure
2,un
2,community
2,citizens
2,first
2,ruling
2,iran
2,their
2,malibu
2,reel
2,fires
2,debate
2,japan
2,pm
2,cuomo
2,airstrike
2,video
2,parliamentary
2,presidential
2,fears
2,anti
2,yemen
2,record
2,favor
2,black
2,create
2,basic
2,sexual
2,putting
2,nypd
2,fair
2,festival
2,ex
2,lawsuit
2,boss
2,hedge
1,faster
1,bit
1,drones
1,tiny
1,comfier
1,charges
1,residents
1,train
1,uses
1,harsh
1,level
1,hidden
1,vs
1,mines
1,bridges
1,weapons
1,flowing
1,european
1,xi
1,rebuke
1,troops
1,reject
1,streets
1,juries
1,sleeker
1,chabria
1,uber
1,attention
1,alpha
1,control
1,gen
1,dominate
1,amtrak
1,game
1,hollywood
1,lyft
1,plotted
1,brainwash
1,putin
1,failed
1,kremlin
1,franchises
1,acela
1,grand
1,riding
1,numbered
1,economy
1,contracts
1,lebanon
1,seekers
1,sink
1,exports
1,lords
1,cops
1,wins
1,allow
1,handshake
1,stay
1,lordstown
1,gena
1,heraty
1,package
1,haiti
1,kidnapping
1,antisemitism
1,pulls
1,nears
1,rears
1,head
1,course
1,schools
1,fuel
1,dumped
1,jetliner
1,settle
1,games
1,less
1,vp
1,defying
1,once
1,weeks
1,truck
1,irish
1,arrives
1,missionary
1,protested
1,bernardino
1,san
1,unemployment
1,teen
1,wages
1,alabama
1,officer
1,grants
1,future
1,engardio
1,cartels
1,drug
1,adversary
1,threats
1,payout
1,waters
1,warships
1,deploys
1,nd
1,kraft
1,heinz
1,when
1,breakup
1,counter
1,delta
1,capsizes
1,boat
1,mauritania
1,drown
1,least
1,seattle
1,recall
1,robbing
1,diversity
1,politics
1,suspected
1,arrest
1,scrambled
1,campuses
1,france
1,macklemore
1,conn
1,manhunt
1,australian
1,bush
1,posh
1,brings
1,mom
1,greenland
1,delusional
1,long
1,dismissed
1,conspiracy
1,theorists
1,fore
1,fueled
1,unionize
1,securities
1,plan
1,member
1,aiming
1,ouster
1,add
1,block
1,disruptions
1,tourism
1,considers
1,boom
1,general
1,morning
1,burglary
1,visas
1,denies
1,request
1,pce
1,logs
1,budget
1,hide
1,materials
1,inflation
1,diamond
1,stayed
1,stable
1,july
1,fizzles
1,wedding
1,keeping
1,kelce
1,track
1,town
1,individual
1,trading
1,charmed
1,airport
1,members
1,ban
1,poured
1,win
1,proposal
1,agreed
1,taylor
1,spectrum
1,declare
1,boycott
1,swift
1,travis
1,perfect
1,finds
1,unlawful
1,setting
1,likely
1,overturns
1,nielsen
1,artist
1,heyday
1,rose
1,simpson
1,parks
1,buick
1,uncertainty
1,cnn
1,upends
1,foils
1,looms
1,drivers
1,shutdown
1,returned
1,skirt
1,betrothal
1,wrest
1,test
1,chris
1,agenda
1,ratings
1,stunning
1,walgreens
1,cvs
1,newsnation
1,compared
1,buyer
1,profits
1,thailand
1,minnesotans
1,deliver
1,together
1,alert
1,unveils
1,serve
1,latest
1,batman
1,witkoff
1,steve
1,envoy
1,invites
1,adviser
1,onesie
1,come
1,neill
1,robert
1,jim
1,deputy
1,rfk
1,turmoil
1,pilots
1,instability
1,effect
1,seeker
1,little
1,venezuelans
1,tumble
1,upholds
1,height
1,hindsight
1,center
1,signaled
1,crypto
1,shop
1,sleep
1,eat
1,spain
1,brava
1,dc
1,protect
1,weigh
1,slashes
1,kusc
1,station
1,blocking
1,rate
1,fate
1,classical
1,performance
1,radio
1,base
1,maga
1,tussling
1,astronomical
1,term
1,third
1,isn
1,sen
1,quickly
1,hong
1,unlawfully
1,acted
1,kong
1,eric
1,whether
1,rule
1,lauds
1,influence
1,moving
1,safari
1,beer
1,popping
1,slammed
1,tourist
1,backlash
1,hill
1,capitol
1,bookmaker
1,approval
1,rescind
1,strategy
1,untested
1,interpreter
1,sentenced
1,refuge
1,trans
1,deep
1,sparking
1,better
1,estimates
1,raised
1,arms
1,linked
1,leading
1,britain
1,practices
1,feeding
1,farm
1,probe
1,homeowner
1,shohei
1,happened
1,never
1,ohtani
1,should
1,elephant
1,claims
1,rounds
1,motion
1,teenaged
1,affairs
1,rayner
1,investigation
1,tiktokkers
1,tories
1,stumbling
1,coverage
1,crackdown
1,problem
1,avoiding
1,media
1,disney
1,accuses
1,indecency
1,financial
1,presidents
1,wave
1,admits
1,idf
1,hostage
1,assaults
1,watchdog
1,low
1,critically
1,freeway
1,number
1,soccer
1,defender
1,youth
1,southern
1,devastates
1,removal
1,egypt
1,collision
1,meteorologists
1,shinawatra
1,conservatives
1,campaigns
1,bn
1,heed
1,legislators
1,already
1,cancels
1,crimes
1,los
1,been
1,appointed
1,withdrawn
1,emerges
1,challenge
1,medicaid
1,defend
1,congo
1,dept
1,donetsk
1,moran
1,faces
1,terry
1,reporter
1,abc
1,water
1,dismisses
1,spurn
1,canadian
1,paetongtarn
1,maps
1,solis
1,hilda
1,supervisor
1,legislation
1,gondola
1,mccourt
1,retailer
1,fitzgerald
1,edmund
1,enhanced
1,ironed
1,stake
1,got
1,intel
1,continue
1,repeal
1,advocates
1,welfare
1,nations
1,dangerous
1,disease
1,transport
1,spreads
1,auto
1,defined
1,precautions
1,asserts
1,toilet
1,hiding
1,msp
1,dust
1,rally
1,august
1,resume
1,crew
1,since
1,mark
1,panama
1,route
1,travelers
1,intended
1,finish
1,swimmers
1,hand
1,sinking
1,alarmed
1,drugs
1,anthrax
1,arenas
1,bomb
1,instructions
1,radioactive
1,exposure
1,kohl
1,serie
1,madeleine
1,mccann
1,grandson
1,mussolini
1,gentrification
1,tourists
1,mexicans
1,gringos
1,debut
1,nvidia
1,shrimp
1,recalled
1,score
1,premiere
1,hat
1,green
1,donned
1,researchers
1,wizard
1,version
1,kroger
1,walmart
1,sphere
1,cameo
1,dolan
1,james
1,reveal
1,oz
1,squabbles
1,sharing
1,quotable
1,notable
1,falters
1,commerce
1,website
1,forced
1,expansive
1,outcry
1,rejects
1,expecting
1,proposals
1,wasn
1,mother
1,born
1,surprise
1,countries
1,shut
1,emmer
1,tom
1,dei
1,uncle
1,herschel
1,rep
1,savings
1,yield
1,combat
1,sexist
1,chasing
1,money
1,italian
1,takeovers
1,medical
1,image
1,equity
1,private
1,high
1,peeling
1,fema
1,news
1,dhs
1,everywhere
1,opens
1,banana
1,seoul
1,other
1,frieze
1,fails
1,turnaround
1,redrawing
1,controversial
1,signs
1,chiquita
1,abbott
1,greg
1,workers
1,closer
1,bring
1,coronavirus
1,buffer
1,miniver
1,mrs
1,zone
1,recovers
1,dissent
1,employees
1,union
1,student
1,graduate
1,stanford
1,sanctions
1,snapback
1,bodies
1,failures
1,cyber
1,stifle
1,obsessed
1,adults
1,yuen
1,skewers
1,publication
1,satire
1,lately
1,figures
1,letters
1,employee
1,dad
1,bail
1,lousy
1,bragg
1,da
1,ago
1,me
1,attacked
1,brute
1,writes
1,brownstone
1,bradshaw
1,carrie
1,concert
1,korn
1,cob
1,shucking
1,caught
1,creep
1,turned
1,carriages
1,raid
1,rats
1,brazen
1,overrun
1,playground
1,park
1,central
1,pretty
1,parents
1,teachers
1,nose
1,smells
1,markets
1,debt
1,taking
1,risk
1,downtown
1,ice
1,finally
1,omar
1,somali
1,pride
1,owl
1,sprinkles
1,ave
1,roosevelt
1,seedy
1,trash
1,jamal
1,buck
1,tributes
1,loving
1,pay
1,outrage
1,salaries
1,bloated
1,memorial
1,ceo
1,beg
1,reports
1,infrastructure
1,residences
1,moscow
1,pupil
1,per
1,breaking
1,supplies
1,classroom
1,donations
1,striking
1,survived
1,alcatraz
1,alligator
1,disrupted
1,lands
1,protected
1,saw
1,regional
1,indonesian
1,major
1,mob
1,delivery
1,disguised
1,madman
1,speaker
1,official
1,protesters
1,jumping
1,soldiers
1,sets
1,recoil
1,property
1,mean
1,candidates
1,literate
1,ai
1,seeking
1,bosses
1,life
1,kursk
1,clemency
1,offers
1,bay
1,hudson
1,bidders
1,wealthy
1,wake
1,catholics
1,may
1,serving
1,lakes
1,lino
1,ramstad
1,during
1,arrests
1,generation
1,matcha
1,chains
1,coffee
1,north
1,email
1,fundraising
1,gross
1,vance
1,blasts
1,away
1,fans
1,obnoxious
1,step
1,slams
1,meets
1,kim
1,teams
1,realities
1,mlb
1,investors
1,twins
1,remain
1,pohlads
1,quiet
1,beautiful
1,disputes
1,scandals
1,sordid
1,forecasters
1,temps
1,sweltering
1,see
1,religion
1,firestorm
1,fountains
1,bodyguards
1,link
1,weak
1,found
1,leaders
1,targeting
1,bid
1,stalled
1,air
1,mocked
1,chipmakers
1,korean
1,aim
1,takes
1,politician
1,prominent
1,unraveled
1,relationship
1,modi
1,large
1,criticized
1,hate
1,stirring
1,fury
1,wartime
1,rekindles
1,rahawi
1,al
1,ahmed
1,alive
1,controlled
1,rebuild
1,told
1,destroyed
1,inn
1,beloved
1,rumors
1,online
1,well
1,kills
1,user
1,row
1,apple
1,uk
1,light
1,shed
1,documents
1,victory
1,feel
1,phone
1,business
1,streeter
1,wall
1,intruders
1,fiancee
1,barred
1,elected
1,benched
1,wrests
1,deterrence
1,testy
1,prize
1,nobel
1,launches
1,mayoralty
1,walked
1,attacker
1,whose
1,straphanger
1,data
1,middle
1,losing
1,company
1,cruise
1,skyline
1,seaman
1,cronies
1,ring
1,homes
1,defending
1,finger
1,braunstein
1,peter
1,fiend
1,sex
1,notorious
1,hilton
1,hanoi
1,captor
1,mccain
1,denying
1,duyet
1,trong
1,tran
1,yorker
1,quintessential
1,choose
1,song
1,daughter
1,andrew
1,john
1,lessons
1,learned
1,ve
1,shoplifting
1,singapore
1,swimmer
1,olympic
1,resilience
1,history
1,ghosts
1,shattered
1,captured
1,composer
1,shchedrin
1,rodion
1,levy
1,couldn
1,hamas
1,journalists
1,denied
1,draws
1,parent
1,lays
1,lake
1,kari
1,afghanistan
1,battering
1,crises
1,urge
1,walks
1,shows
1,chants
1,monk
1,struggles
1,discussion
1,statehood
1,attend
1,visa
1,abbas
1,mahmoud
1,drums
1,pad
1,potus
1,princeton
1,sweet
1,festivals
1,nonstop
1,distracts
1,such
1,midway
1,agency
1,cub
1,medcalf
1,uneasy
1,unraveling
1,dismissal
1,premier
1,sweeney
1,sydney
1,hour
1,golden
1,foods
1,hall
1,shoots
1,accidentally
1,fund
1,rollercoaster
1,zbelow
1,mechanix
1,experts
1,self
1,cost
1,wouldn
1,code
1,criminal
1,amend
1,damage
1,fix
1,lengthy
1,reopens
1,highway
1,help
1,just
1,ticket
1,national
1,campaigned
1,walz
1,tim
1,images
1,satellite
1,sudan
1,east
1,built
1,barrier
1,guatemala
1,working
1,play
1,senate
1,competitive
1,re
1,iowa
1,besieged
1,illinois
1,nabbed
1,killer
1,migrant
1,policies
1,scrap
1,pritzker
1,limelight
1,basks
1,crest
1,oct
1,weiss
1,ilan
1,country
1,interior
1,migrants
1,swiftly
1,key
1,wider
1,rattles
1,stretch
1,scenic
1,ct
1,ny
1,including
1,doomed
1,withdraws
1,duffy
1,sean
1,centre
1,invalidated
1,sweeping
1,struggling
1,injured
1,anger
1,grief
1,sparks
1,storytelling
1,african
1,battle
1,secretary
1,operation
1,honeypot
1,fbi
1,lured
1,spy
1,claiming
1,podcaster
1,girlfriend
1,patel
1,unsuccessful
1,room
1,advantage
1,touchpoint
1,cultural
1,supporters
1,mood
1,ability
1,innate
1,illustrates
1,kash
1,chp
1,jury
1,misled
1,musk
1,claim
1,awarded
1,damages
1,passes
1,redraw
1,your
1,gop
1,rewrite
1,powers
1,emergency
1,had
1,signature
1,struck
1,myth
1,elite
1,doesn
1,session
1,africa
1,pools
1,paddling
1,posers
1,spend
1,relative
1,underage
1,molested
1,councilman
1,logo
1,picks
1,own
1,starting
1,holdovers
1,democratic
1,career
1,vulnerable
1,politically
1,him
1,global
1,intervention
1,whom
1,allegations
1,heart
1,properties
1,place
1,leaves
1,strikes
1,judges
1,shots
1,weighs
1,health
1,boundaries
1,tuesday
1,airing
1,scheduled
1,ads
1,tv
1,dollars
1,millions
1,having
1,embraced
1,plagiarism
1,fired
1,johnson
1,benny
1,gunshots
1,came
1,then
1,daughters
1,blocked
1,shooter
1,diaries
1,funny
1,candles
1,proves
1,industries
1,kate
1,candle
1,rome
1,plans
1,produces
1,alaska
1,betting
1,tap
1,racing
1,horse
1,fox
1,auction
1,fetch
1,distracting
1,radar
1,lead
1,race
1,mayoral
1,rich
1,very
1,those
1,orleans
1,katrina
1,collection
1,pain
1,extra
1,bringing
1,jump
1,department
1,sheriff
1,probed
1,pioneer
1,oversight
1,fall
1,merrick
1,cemeteries
1,oldest
1,stolen
1,headstones
1,sickening
1,tree
1,joshua
1,burden
1,bobb
1,ends
1,exemption
1,minimis
1,delays
1,canceled
1,met
1,shoppers
1,anything
1,price
1,pump
1,six
1,drugmaker
1,obscure
1,confounding
1,tech
1,limited
1,internet
1,often
1,classes
1,weekend
1,businesses
1,taxi
1,banks
1,alternative
1,supermarket
1,towns
1,cities
1,flags
1,george
1,st
1,ton
1,charities
1,rising
1,uniform
1,cover
1,era
1,biden
1,alleged
1,citing
1,records
1,thousands
1,temporarily
1,washington
1,authorities
1,pursuit
1,crashes
1,car
1,steals
1,pillar
1,watch
1,duke
1,shaver
1,randy
1,live
1,varsity
1,strib
1,scandal
1,corruption
1,convicted
1,congressman
1,cunningham
1,episode
1,prisoner
1,execution
1,utah
1,disappearing
1,mysteriously
1,cup
1,losses
1,seeing
1,women
1,blocker
1,music
1,viral
1,rise
1,slum
1,philippine
1,sounds
1,enough
1,might
1,soon
1,genre
1,puberty
1,attending
1,spread
1,report
1,snagged
1,rice
1,buy
1,teach
1,sweden
1,dementia
1,ties
1,strengthening
1,accountability
1,indonesians
1,ablaze
1,buildings
1,four
1,squad
1,die
1,chose
1,finland
